13.651,-0.20005058371185927,0.20004360272263053,0.1,7.226244551322194e-05,1.148698354997035,-6.228960375788769e-05
13.691,0.2699334940385649,1.0041714311290062,0.1,9.50085163358493e-05,1.148698354997035,-0.00011797518725958804
13.732,0.2699096521274637,1.0041310913670407,0.1,0.00012906838933763286,1.148698354997035,-6.034695588004913e-05
13.773,0.2699033970638747,1.0041269563067394,0.1,0.00013800419446477355,1.148698354997035,-5.4439726878180826e-05
13.814,0.2699037439668636,1.0039971410371957,0.1,0.0001375086187662677,1.148698354997035,0.00013101065818422997
13.855,0.26987852780041033,1.003938401377786,0.1,0.00017353171369948638,1.148698354997035,0.0002149244573407578
13.896,0.2698826508822257,1.0039378053942114,0.1,0.00016764159682043726,1.148698354997035,0.00021577586244750791
13.937,0.26988312237974177,1.0039407446739899,0.1,0.0001669680289403092,1.148698354997035,0.00021157689133531387
13.978,0.2689406306755576,1.0018610035502673,0.1,0.001513384749203471,1.148698354997035,0.0031826356395102833
14.02,0.2671503439176363,0.9978712894135332,0.1,0.004070937260519609,1.148698354997035,0.008882227263416262
14.064,0.2646138227773698,0.9922735742680405,0.1,0.007694538889471766,1.148698354997035,0.0168789631855486
14.107,0.26144892847937734,0.985214207425051,0.1,0.012215816458032425,1.148698354997035,0.02696377296124825
14.151,0.25775183789846934,0.9768040338098782,0.1,0.017497374430758137,1.148698354997035,0.038978306697209024
14.195,0.25356365012923554,0.9673300418695895,0.1,0.023480499815377837,1.148698354997035,0.052512580897621355
14.239,0.2489841743030531,0.9568995744240236,0.1,0.030022608138495617,1.148698354997035,0.0674132486770013
14.287,0.24406095706298514,0.9456801352992261,0.1,0.037055775624306994,1.148698354997035,0.0834410188552836
14.335,0.23885732058591802,0.9337127081499922,0.1,0.04448954202011712,1.148698354997035,0.10053734335418918
14.379,0.23342233896122636,0.9210414249850949,0.1,0.05225380148396238,1.148698354997035,0.11863917644689977
14.423,0.22779506669489646,0.9078322854410699,0.1,0.060292761864433615,1.148698354997035,0.13750937579550673
14.471,0.22202766583933228,0.8941039242824144,0.1,0.06853190594381106,1.148698354997035,0.15712132030787165
14.471,0.216119444383917,0.8798956084932662,0.1,0.07697222230869002,1.148698354997035,0.1774189142923691
14.519,0.21018621625358513,0.8652191438150636,0.1,0.08544826249487837,1.148698354997035,0.19838529240408703
14.552,0.204221388106972,0.8502155599542679,0.1,0.09396944556146859,1.148698354997035,0.21981898363379535
14.599,-0.2017592481109586,0.8350431854268234,0.1,0.10251321158708371,1.148698354997035,0.24149380438728726
14.647,-0.20651701857970783,0.8196348061203161,0.1,0.10931002654243975,1.148698354997035,0.26350577482515486
14.695,-0.20994535904696693,0.8039855973823562,0.1,0.11420765578138133,1.148698354997035,0.28586178730795475
14.742,-0.21219861614962213,0.7881607591647894,0.1,0.11742659449946018,1.148698354997035,0.3084686990473359
14.786,-0.21344453204941286,0.7721839309965559,0.1,0.1192064743563041,1.148698354997035,0.3312927392876695
14.83,-0.21378807473853528,0.7560524417724589,0.1,0.11969724962647896,1.148698354997035,0.35433772389352247
14.874,-0.21332339999786526,0.7397445993016917,0.1,0.11903342856837892,1.148698354997035,0.37763464170890404
14.918,-0.21214805857112093,0.7232533581107379,0.1,0.11735436938731561,1.148698354997035,0.4011935576959811
14.962,-0.2104008327128326,0.7067073271664118,0.1,0.1148583324469037,1.148698354997035,0.424830744759304
14.962,-0.2081266217593498,0.690072507497083,0.1,0.11160945965621395,1.148698354997035,0.44859477285834515
15.006,-0.205407128566727,0.6734153594444293,0.1,0.10772446938103854,1.148698354997035,0.47239069864785044
15.044,-0.20228940951520685,0.6566536575759335,0.1,0.10327058502172405,1.148698354997035,0.4963359870314158
15.086,0.20112534299255677,0.6398132377367362,0.1,0.09839236715349033,1.148698354997035,0.5203937296588406
15.13,0.20342375268910318,0.622964009228176,0.1,0.09510892472985265,1.148698354997035,0.5444640560996408
15.174,0.20467357289462684,0.6060006968898844,0.1,0.09332346729339024,1.148698354997035,0.5686973594400574
15.218,0.20502693273643635,0.5890430197899318,0.1,0.09281866751937667,1.148698354997035,0.5929226124399897
15.265,0.20458432859355946,0.5719623243327332,0.1,0.09345095915205792,1.148698354997035,0.6173236059502735
15.309,0.2034168142871443,0.5550008652058067,0.1,0.09511883673265098,1.148698354997035,0.6415542618458826
15.353,0.20167024939258693,0.5381973822724975,0.1,0.09761392943916156,1.148698354997035,0.6655592374648959
15.397,-0.2006072023565657,0.5215412148349575,0.1,0.10086743193795099,1.148698354997035,0.6893537623756673
15.441,-0.20278448905611945,0.5050857679858417,0.1,0.10397784150874208,1.148698354997035,0.7128615435886898
15.485,-0.20398028213573494,0.48881418300693197,0.1,0.10568611733676418,1.148698354997035,0.7361066649871323
15.528,-0.2043201350334902,0.4728204750558011,0.1,0.10617162147641454,1.148698354997035,0.7589548192030335
15.573,-0.20389033091146055,0.4570698363455159,0.1,0.10555761558780075,1.148698354997035,0.7814557316462981
15.616,-0.20277796035848117,0.44151040883576553,0.1,0.1039685147978302,1.148698354997035,0.8036834852316558
15.665,-0.20110490542428833,0.4262882894347784,0.1,0.10157843632041191,1.148698354997035,0.8254293700902088
15.665,0.20108134511278733,0.41139060968981334,0.1,0.09845522126744669,1.148698354997035,0.8467117697258733
15.712,0.20248497342236482,0.3969253682701579,0.1,0.09645003796805028,1.148698354997035,0.867376400325381
15.741,0.20297379345782168,0.38283569436769505,0.1,0.09575172363168334,1.148698354997035,0.8875045059003279
15.784,0.20265995038035087,0.3690897894923957,0.1,0.09620007088521305,1.148698354997035,0.9071415128650413
15.832,0.20163913668417155,0.355769096481014,0.1,0.09765837616546923,1.148698354997035,0.9261710743098722
15.876,0.20001411444201014,0.3428113424198067,0.1,0.09997983651141411,1.148698354997035,0.9446821515401684
15.92,-0.20216881986821528,0.3301884107731549,0.1,0.10309831409745038,1.148698354997035,0.9627149110353852
15.964,-0.20387385611775533,0.3178455684554028,0.1,0.10553408016822187,1.148698354997035,0.9803475429178883
16.008,-0.20464319166906839,0.3058675873668852,0.1,0.10663313095581198,1.148698354997035,0.9974589444729134
16.052,-0.2046025025896799,0.2943665893754577,0.1,0.10657500369954273,1.148698354997035,1.0138889416035242
16.096,-0.20383879107792313,0.28324274482659395,0.1,0.10548398725417588,1.148698354997035,1.0297801481019009
16.139,-0.2024301143786979,0.27245441688777167,0.1,0.10347159196956841,1.148698354997035,1.0451920451573613
16.184,-0.2004591441264302,0.2620316709071537,0.1,0.10065592018061453,1.148698354997035,1.0600816822725299
16.231,0.20196996285043797,0.25196621228044497,0.1,0.09718576735651722,1.148698354997035,1.0744609088821138
16.279,0.20480949419951228,0.24222267205568235,0.1,0.09312929400069678,1.148698354997035,1.088380252060346
16.279,0.20657714764706483,0.23276469354160945,0.2,0.0906040747899074,1.3195079107728942,1.101891649937593
16.323,0.277397014540852,0.34315290621336486,0.2,0.08943283637021138,1.3195079107728942,1.1150037590395159
16.356,0.2771339630850542,0.3340215614672606,0.2,0.08980862416420828,1.3195079107728942,1.1280485372482363
16.399,0.27590266895276777,0.3248403531509533,0.2,0.09156761578176041,1.3195079107728942,1.1411645491286753
16.447,0.2738273348155083,0.31570205497893467,0.2,0.0945323788349882,1.3195079107728942,1.1542192608029875
16.491,0.2710383498729801,0.30654373559286824,0.2,0.09851664303859987,1.3195079107728942,1.1673025742116538
16.534,0.2675947375161555,0.2974107937955451,0.2,0.10343608926263503,1.3195079107728942,1.1803496339221156
16.583,0.26359779474459766,0.2883781745213385,0.2,0.10914600750771766,1.3195079107728942,1.1932533757424106
16.627,0.2591302935353116,0.2793531269435611,0.2,0.11552815209241203,1.3195079107728942,1.2061463008535211
16.671,0.25429038607141685,0.27047009625493357,0.2,0.12244230561226167,1.3195079107728942,1.2188363446944177
16.715,0.24913063541420147,0.261583702494596,0.2,0.12981337797971218,1.3195079107728942,1.2315311929234714
16.759,0.2436772602452762,0.2529049324500832,0.2,0.13760391393531973,1.3195079107728942,1.243929435844204
16.803,0.23803620271043777,0.24443276446324255,0.2,0.14566256755651752,1.3195079107728942,1.256032532968262
16.847,0.2322197873985569,0.23612272357062564,0.2,0.15397173228777591,1.3195079107728942,1.2679040199577147
16.89,0.2262775751750041,0.2280037169594175,0.30000000000000004,0.16246060689285127,1.5157165665103982,1.2795026008308692
16.891,0.29024280650378365,0.3573887988125843,0.30000000000000004,0.17108170499459482,1.5157165665103982,1.2908754253495636
16.939,0.28392112920919355,0.3492235803269107,0.30000000000000004,0.18011267255829494,1.5157165665103982,1.30254002318624
16.971,0.27736866183772424,0.3408168108774595,0.30000000000000004,0.18947334023182255,1.5157165665103982,1.3145496938283132
17.014,0.2706509747279184,0.33216204335724475,0.30000000000000004,0.1990700361029738,1.5157165665103982,1.32691364742862
17.062,0.2637757643617874,0.3234373737322076,0.30000000000000004,0.20889176519744665,1.5157165665103982,1.339377461178673
17.11,0.2568097430631089,0.31465119943234227,0.30000000000000004,0.2188432241955588,1.5157165665103982,1.3519291387499093
17.154,0.24977025641168293,0.3058846746838443,0.30000000000000004,0.22889963369759586,1.5157165665103982,1.3644527455334778
17.198,0.24269718851261962,0.29710617083870705,0.30000000000000004,0.23900401641054347,1.5157165665103982,1.3769934653122453
17.242,0.23561859476035626,0.28829637083340554,0.30000000000000004,0.2491162931994911,1.5157165665103982,1.3895788938912474
17.286,0.228552036220041,0.27956583316707845,0.30000000000000004,0.2592113768285129,1.5157165665103982,1.402051090557429
17.33,0.22153058157584485,0.2708846785578021,0.30000000000000004,0.2692420263202217,1.5157165665103982,1.4144527399992524
17.378,0.21453726981166496,0.26224949032483813,0.30000000000000004,0.27923247169762155,1.5157165665103982,1.426788723189201
17.422,0.20764843047118586,0.25363174528944504,0.30000000000000004,0.2890736707554488,1.5157165665103982,1.4390997875254767
17.465,0.20084700601929995,0.24514076453458927,0.30000000000000004,0.29878999140100015,1.5157165665103982,1.4512297600324136
17.466,-0.20586682247807275,0.23690803344885383,0.30000000000000004,0.3083811749686754,1.5157165665103982,1.462990804440607
17.51,-0.21113936280601953,0.2288715457603806,0.4,0.3159133754371708,1.7411011265922482,1.474471501138426
17.545,0.2550139920013517,0.3787719173772188,0.4,0.3214085828552119,1.7411011265922482,1.4857126731962214
17.589,0.25077815766613726,0.37057078609413363,0.4,0.3274597747626611,1.7411011265922482,1.4974285750292002
17.637,0.24614839989974954,0.36209504446540053,0.4,0.33407371442892925,1.7411011265922482,1.5095367773559618
17.681,0.24120313993018525,0.3533829607727216,0.4,0.34113837152830684,1.7411011265922482,1.521982611202646
17.729,0.23601406450656504,0.3444520389843686,0.4,0.34855133641919284,1.7411011265922482,1.534741070900293
17.777,0.23063037888784918,0.33532711261364456,0.4,0.3562423158745012,1.7411011265922482,1.5477766800013275
17.82,0.2250438686950704,0.32616466379832476,0.4,0.36422304472132805,1.7411011265922482,1.5608658925946415
17.869,0.21932926914706588,0.3169590518220546,0.4,0.3723867583613345,1.7411011265922482,1.574016766846456
17.913,0.21351765850628424,0.3077979627535485,0.4,0.38068905927673685,1.7411011265922482,1.587104036944322
17.961,0.2076586658487842,0.2986213340847975,0.4,0.3890590487874512,1.7411011265922482,1.600213506471109
17.961,0.20173990603902778,0.28947645317362075,0.4,0.3975144199442461,1.7411011265922482,1.6132776220585043
18.005,-0.20418708146379416,0.2804621556579343,0.4,0.4059815449482774,1.7411011265922482,1.6261551899380564
18.037,-0.20899075053860314,0.271484883220905,0.4,0.4128439293408616,1.7411011265922482,1.6389798648480982
18.08,-0.21243148794408964,0.2626827165117571,0.4,0.41775926849155665,1.7411011265922482,1.6515543887183095
18.124,-0.21467745819982778,0.2539066806407018,0.4,0.4209677974283254,1.7411011265922482,1.664091582819817
18.172,-0.21590086761164165,0.24536397932766785,0.4,0.42271552515948807,1.7411011265922482,1.676295441838437
18.216,-0.21617380774865,0.23704693201053645,0.4,0.42310543964092856,1.7411011265922482,1.6881769380057676
18.264,-0.21564277927563671,0.22890814774475035,0.5,0.4223468275366239,2.0,1.6998037726711763
18.312,0.25559986221792363,0.40220033958826057,0.5,0.4205716254029663,2.0,1.7111423720167707
18.356,0.2569823876327043,0.39424383886681724,0.5,0.4185965890961367,2.0,1.7225088016188326
18.4,0.2572571959835858,0.3858968463498274,0.5,0.41820400573773453,2.0,1.7344330766431038
18.444,0.2565760959410308,0.37717937774641525,0.5,0.41917700579852746,2.0,1.7468866032194068
18.488,0.2550664074317892,0.3680927779643109,0.5,0.4213337036688726,2.0,1.7598674600509845
18.532,0.2527981261004466,0.358830441900016,0.5,0.4245741055707906,2.0,1.7730993687142629
18.532,0.24989788835327656,0.3494198603915164,0.5,0.4287173023524621,2.0,1.786543056583548
18.576,0.24644713762697307,0.339988507749819,0.5,0.43364694624718136,2.0,1.8000164175002586
18.611,0.2425342557743422,0.33051526273347925,0.5,0.43923677746522544,2.0,1.8135496246664582
18.656,0.23823320193037584,0.3209941656278815,0.5,0.4453811400994631,2.0,1.8271511919601693
18.7,0.23359993975405674,0.31153971778392137,0.5,0.45200008606563324,2.0,1.8406575460229695
18.743,0.22870246443663944,0.30212613190628923,0.5,0.4589964793762294,2.0,1.8541055258481582
18.791,0.22355573607202725,0.29275439829464256,0.5,0.46634894846853253,2.0,1.8674937167219392
18.835,0.21826530955711382,0.28339904375830643,0.5,0.4739067006326946,2.0,1.8808585089167051
18.883,0.21283885330800908,0.2741713416473034,0.5,0.48165878098855847,2.0,1.8940409405038523
18.931,0.20729630577261413,0.26520012528522613,0.5,0.4895767060391227,2.0,1.9068569638782484
18.975,0.2016812846713582,0.25640087696758684,0.5,0.4975981647552026,2.0,1.919427318617733
19.022,-0.2039653864396408,0.24774938257628815,0.5,0.5056648377709154,2.0,1.9317865963195884
19.023,-0.20962067860649253,0.23929060659822787,0.5,0.5137438265807036,2.0,1.9438705620025316
19.071,-0.21393489008352426,0.2310526432263934,0.6,0.5199069858336061,2.2973967099940698,1.9556390811051523
19.103,0.2530528682942917,0.43119056573316217,0.6,0.5242101881510118,2.2973967099940698,1.9671244732324096
19.147,0.249554844998007,0.422594986264407,0.6,0.5292073642885614,2.2973967099940698,1.9794038724734884
19.19,0.24560849490767744,0.4134959449462909,0.6,0.5348450072747465,2.2973967099940698,1.99240250292794
19.234,0.2412347429849584,0.4040920521600664,0.6,0.5410932243072023,2.2973967099940698,2.0058366354796893
19.278,0.23653272332401784,0.39441206164383064,0.6,0.5478103952514031,2.2973967099940698,2.019665193360026
19.326,0.2315578377316137,0.38457870160228075,0.6,0.5549173746691233,2.2973967099940698,2.03371285056224
19.37,0.22637730392954603,0.37455548859979937,0.6,0.5623181372435057,2.2973967099940698,2.0480317262800707
19.414,0.22099449117133751,0.3644117687960644,0.6,0.5700078697552321,2.2973967099940698,2.0625227545711207
19.458,0.21546063286947734,0.35424390963686236,0.6,0.5779133816150324,2.2973967099940698,2.077048267655695
19.502,0.20981486666391674,0.3439814983021954,0.6,0.5859787619086904,2.2973967099940698,2.091708855276648
19.546,0.2041148935538142,0.33377567276974596,0.6,0.5941215806374083,2.2973967099940698,2.10628860603729
19.59,-0.20162320036995354,0.32349603076159494,0.6,0.6023188576713622,2.2973967099940698,2.120973808906077
19.634,-0.2072569230708414,0.3133660077978009,0.6,0.6103670329583448,2.2973967099940698,2.1354452702829256
19.682,-0.21143911022341325,0.30338951697390976,0.6,0.6163415860334475,2.2973967099940698,2.1496974000313416
19.682,-0.21436128931902196,0.29353556653666185,0.6,0.6205161275986028,2.2973967099940698,2.163774472084553
19.725,-0.2161502237825759,0.28387136414491926,0.6,0.6230717482608227,2.2973967099940698,2.177580475501328
19.759,-0.21694269770340785,0.2743717717810115,0.6,0.6242038538620112,2.2973967099940698,2.191151321735482
19.801,-0.21686899334274518,0.2651192890147518,0.6,0.6240985619182073,2.2973967099940698,2.20436915425871
19.845,-0.216020572885061,0.25606022938828177,0.6,0.6228865326929443,2.2973967099940698,2.21731066801081
19.889,-0.21448886052495927,0.24712782630230407,0.6,0.6206983721785132,2.2973967099940698,2.230071243847921
19.933,-0.21240009106572788,0.23845382818662195,0.6,0.6177144158081826,2.2973967099940698,2.242462669727467
19.977,-0.20980425041136969,0.2300085550880703,0.7,0.6140060720162424,2.6390158215457884,2.2545273455825408
20.025,0.26321228308889094,0.4609725675006611,0.7,0.6096967384444415,2.6390158215457884,2.2661978679734154
20.069,0.26574080223395025,0.45258151488394494,0.7,0.6060845682372139,2.6390158215457884,2.2781850859972956
20.116,0.2669942631187616,0.44355232251711496,0.7,0.6042939098303405,2.6390158215457884,2.2910839322356242
20.16,0.2671193571633431,0.4340677729159004,0.7,0.604115204052367,2.6390158215457884,2.304633288808788
20.208,0.26626492773347976,0.42416710323643625,0.7,0.6053358175236003,2.6390158215457884,2.3187771026365938
20.252,0.26451847464179123,0.4139043510162745,0.7,0.6078307505117267,2.6390158215457884,2.333438177236825
20.252,0.2620536580675578,0.4033113714818291,0.7,0.611351917046346,2.6390158215457884,2.3485710051431754
20.3,0.2589471613828839,0.3925832676165308,0.7,0.615789769453023,2.6390158215457884,2.3638968678078873
20.333,0.2552758145567093,0.38188826890829725,0.7,0.6210345506332724,2.6390158215457884,2.379175437391078
20.38,0.2511384222775271,0.3711883473913038,0.7,0.6269451110321042,2.6390158215457884,2.3944610395582115
20.424,0.24661934372883107,0.36048503324716613,0.7,0.6334009375302413,2.6390158215457884,2.409751488335551
20.472,0.24178219817863902,0.34984972786638413,0.7,0.6403111454590871,2.6390158215457884,2.4249447817366683
20.516,0.23665211822334814,0.33930745619955194,0.7,0.6476398311095026,2.6390158215457884,2.4400051698321428
20.56,0.231297818229679,0.32886032874137,0.7,0.6552888311004585,2.6390158215457884,2.4549296376295455
20.608,0.22578088070290733,0.31849039172465726,0.7,0.6631701704244181,2.6390158215457884,2.4697438333677066
20.655,0.22014129249090902,0.30818984180367204,0.7,0.6712267250129871,2.6390158215457884,2.4844589046834
20.703,0.21436280040432992,0.2980860035932956,0.7,0.6794817137081001,2.6390158215457884,2.498892959269652
20.704,0.20851232465895414,0.28814659063801656,0.7,0.6878395362014941,2.6390158215457884,2.513092120634336
20.751,0.20263673317159892,0.2784730932080021,0.7,0.6962332383262873,2.6390158215457884,2.526911402677214
20.784,-0.20322312023795108,0.2689787748855791,0.7,0.7046044574827872,2.6390158215457884,2.5404747145663897
20.831,-0.20767724384758807,0.2596873020746712,0.7,0.71096749121084,2.6390158215457884,2.553748247153401
20.879,-0.21084645220229303,0.250649648873818,0.7,0.7154949317175614,2.6390158215457884,2.566659180297477
20.927,-0.2128792347146566,0.24175400964569543,0.7,0.7183989067352237,2.6390158215457884,2.579367236337652
20.975,-0.21388525216857562,0.23311486641521362,0.7999999999999999,0.7198360745265365,3.031433133020796,2.5917088695240547
21.019,0.25600237326160546,0.49926118142493164,0.7999999999999999,0.7199966096262779,3.031433133020796,2.603917159556608
21.063,0.2562092780688104,0.49075591700143506,0.7999999999999999,0.7197010313302709,3.031433133020796,2.61606753730446
21.107,0.2554873585580482,0.48158215353867834,0.7999999999999999,0.7207323449170739,3.031433133020796,2.629172913679827
21.15,0.25392315173349683,0.47180481382166595,0.7999999999999999,0.7229669260950045,3.031433133020796,2.6431405418469875
21.195,0.25163334670295606,0.4615512129956847,0.7999999999999999,0.7262380761386341,3.031433133020796,2.6577885430269608
21.195,0.24871056251328622,0.45087646537004455,0.7999999999999999,0.7304134821238768,3.031433133020796,2.673038182492161
21.239,0.24524235277466724,0.43996769538940367,0.7999999999999999,0.735368067464761,3.031433133020796,2.688622139607362
21.276,0.24132586407216,0.4288370269435362,0.7999999999999999,0.7409630513254857,3.031433133020796,2.70452309453003
21.322,0.2370405962006069,0.4174830426898742,0.7999999999999999,0.7470848625705615,3.031433133020796,2.7207430720352614
21.37,0.2324103397197056,0.40608735478335745,0.7999999999999999,0.7536995146861348,3.031433133020796,2.737022626187428
21.418,0.2275183029864343,0.39466288521228216,0.7999999999999999,0.7606881385908081,3.031433133020796,2.75334329700325
21.466,0.22239684712014143,0.383294627958729,0.7999999999999999,0.7680045041140836,3.031433133020796,2.769583664508326
21.51,0.21709681664013325,0.3719511020966979,0.7999999999999999,0.775575976228381,3.031433133020796,2.7857887014540847
21.554,0.21165811178941973,0.3606169892329467,0.7999999999999999,0.7833455545865432,3.031433133020796,2.8019802912594436
21.602,0.20610931018234543,0.3494061936351924,0.7999999999999999,0.7912724140252207,3.031433133020796,2.8179957135419498
21.65,0.2004912809023035,0.3382875348607373,0.7999999999999999,0.7992981701395664,3.031433133020796,2.8338795117911713
21.65,-0.20520255086133976,0.3272625537099498,0.7999999999999999,0.8074322155161996,3.031433133020796,2.849629484863725
21.694,-0.20962854906483053,0.31633202722639886,0.7999999999999999,0.8137550700926149,3.031433133020796,2.865244522697369
21.727,-0.21275621900663488,0.3056072232378479,0.7999999999999999,0.8182231700094783,3.031433133020796,2.880565671252442
21.769,-0.21474676417590638,0.29522538908487633,0.7999999999999999,0.8210668059655805,3.031433133020796,2.895396862899544
21.813,-0.21572271855097389,0.2850998693710108,0.7999999999999999,0.8224610265013912,3.031433133020796,2.909861891062209
21.857,-0.21579419348348056,0.2752010206527817,0.7999999999999999,0.8225631335478293,3.031433133020796,2.924003103516822
21.905,-0.21507281211669482,0.2655689875971112,0.7999999999999999,0.8215325887381354,3.031433133020796,2.9377631507392086
21.949,-0.2136883708773264,0.25620124138451805,0.7999999999999999,0.8195548155390376,3.031433133020796,2.9511456453286273
21.993,-0.21171229750232995,0.24707487085966837,0.7999999999999999,0.816731853574757,3.031433133020796,2.964183317506984
22.037,-0.20920826251687868,0.23814965923571269,0.7999999999999999,0.813154660738398,3.031433133020796,2.9769336198269207
22.08,-0.20624622142732207,0.22940159399336812,0.8999999999999999,0.8089231734676029,3.482202253184496,2.989430855887413
22.125,0.2670596034064475,0.5364820220762128,0.8999999999999999,0.8042005665622177,3.482202253184496,3.001513650218478
22.169,0.27020971128433907,0.5279490827444727,0.8999999999999999,0.7997004124509441,3.482202253184496,3.013703563549535
22.213,0.2719933621722545,0.5186253286635408,0.8999999999999999,0.7971523397539221,3.482202253184496,3.0270232122365806
22.256,0.27259041960616637,0.5085534810601033,0.8999999999999999,0.7962994005626194,3.482202253184496,3.041411565955777
22.304,0.27210431981092903,0.4978716916709014,0.8999999999999999,0.7969938288415299,3.482202253184496,3.0566712650832084
22.305,0.27067694555900756,0.4867375801661178,0.8999999999999999,0.7990329349157034,3.482202253184496,3.0725771386614706
22.348,0.2684344552788243,0.47517110714163935,0.8999999999999999,0.8022364924588223,3.482202253184496,3.0891006715535827
22.383,0.26551147078600806,0.4633749713775974,0.8999999999999999,0.806412184591417,3.482202253184496,3.1059522940736426
22.424,0.26199505476481255,0.4512688446957752,0.8999999999999999,0.8114356360502677,3.482202253184496,3.12324676076196
22.468,0.25794190087222557,0.4391163644763529,0.8999999999999999,0.8172258558968205,3.482202253184496,3.1406074467897063
22.512,0.2534844889708235,0.4269597161503218,0.8999999999999999,0.8235935871845378,3.482202253184496,3.157974087255465
22.556,0.24865871663918254,0.41479295915191633,0.8999999999999999,0.8304875476583106,3.482202253184496,3.1753551686817585
22.6,0.2435355034732826,0.4026792714124023,0.8999999999999999,0.8378064236095962,3.482202253184496,3.1926604368810643
22.648,0.2381654322103696,0.39061368002213365,0.8999999999999999,0.8454779539851862,3.482202253184496,3.2098969960100194
22.696,0.23258568449868106,0.37868879892549345,0.8999999999999999,0.8534490221447413,3.482202253184496,3.226932540433791
22.744,0.22685591146103712,0.3668672687646206,0.8999999999999999,0.8616344121985183,3.482202253184496,3.2438204406636095
22.788,0.2210198170169729,0.35509837565512786,0.8999999999999999,0.8699716899757529,3.482202253184496,3.260633145105742
22.835,0.215074164035293,0.34353219709281896,0.8999999999999999,0.8784654799495814,3.482202253184496,3.277156257337612
22.836,0.20907794050530604,0.33215456674125377,0.8999999999999999,0.8870315135638485,3.482202253184496,3.293410014982705
22.879,0.20306321104025055,0.32106566947118104,0.8999999999999999,0.8956239842282134,3.482202253184496,3.3092512967970946
22.916,-0.20293816909611004,0.3102117609649961,0.8999999999999999,0.9041973844230142,3.482202253184496,3.324756880377359
22.963,-0.20749828183001945,0.2995472233108828,0.8999999999999999,0.910711831185742,3.482202253184496,3.3399919341689492
23.007,-0.21075700194847888,0.2891586794677555,0.8999999999999999,0.915367145640684,3.482202253184496,3.3548327110877025
23.051,-0.21285455219690208,0.27899728344292096,0.8999999999999999,0.9183636459955743,3.482202253184496,3.3693489911231804
23.095,-0.21396309783445527,0.269042788295464,0.8999999999999999,0.9199472826206503,3.482202253184496,3.3835696984766903
23.139,-0.21414245129109447,0.2592544089416592,0.8999999999999999,0.9202035018444206,3.482202253184496,3.3975530975535544
23.182,-0.21353475617014311,0.24972656799134324,0.8999999999999999,0.9193353659573472,3.482202253184496,3.4111642989111486
23.231,-0.21225227825908405,0.2405761044574562,0.8999999999999999,0.9175032546558343,3.482202253184496,3.4242363896738444
23.279,-0.21036910229381311,0.23170436758537505,0.9999999999999999,0.9148130032768758,3.9999999999999996,3.436910299491103
23.323,0.26204881335505276,0.5855295939896868,0.9999999999999999,0.9113588380642103,3.9999999999999996,3.4492434371575897
23.367,0.2648410098929953,0.5771026215958022,0.9999999999999999,0.9073699858671495,3.9999999999999996,3.4612819691488537
23.41,0.2663150840595565,0.5676603477564103,0.9999999999999999,0.9052641656292049,3.9999999999999996,3.4747709317765563
23.411,0.26664163824195464,0.5573379334959158,0.9999999999999999,0.9047976596543504,3.9999999999999996,3.489517237862977
23.458,0.2659742055846419,0.5462698999488981,0.9999999999999999,0.9057511348790829,3.9999999999999996,3.5053287143587166
23.49,0.2644418165865854,0.5345579306986065,0.9999999999999999,0.9079402620191637,3.9999999999999996,3.5220600990019904
23.534,0.26211030337519053,0.5224385281644724,0.9999999999999999,0.9112709951782991,3.9999999999999996,3.5393735311936103
23.578,0.2591185050038621,0.5099627644575746,0.9999999999999999,0.9155449928516255,3.9999999999999996,3.557196050774893
23.622,0.2555572643599528,0.49727225690708177,0.9999999999999999,0.9206324794857816,3.9999999999999996,3.575325347275597
23.666,0.25152770463080526,0.48435134309650724,0.9999999999999999,0.9263889933845638,3.9999999999999996,3.593783795576418
23.71,0.24706217006363893,0.4712844507132439,0.9999999999999999,0.9327683284805157,3.9999999999999996,3.6124507846953655
23.754,0.242238085673618,0.45818110372381515,0.9999999999999999,0.9396598776091171,3.9999999999999996,3.631169851823121
23.798000000000002,0.23711795358573873,0.44498237318333633,0.9999999999999999,0.9469743520203732,3.9999999999999996,3.650025181166662
23.846,0.2317808112959859,0.43184943594521374,0.9999999999999999,0.9545988410057343,3.9999999999999996,3.6687865200782657
23.894,0.22625958872461804,0.41865587179894986,0.9999999999999999,0.9624863018219741,3.9999999999999996,3.6876344688586427
23.937,0.22056335263538773,0.40562931674393227,0.9999999999999999,0.970623781949446,3.9999999999999996,3.7062438332229535
23.986,0.21478431526749206,0.3927881071836583,0.9999999999999999,0.9788795496178684,3.9999999999999996,3.724588418309059
23.986,0.20892293635740178,0.38010617558525145,0.9999999999999999,0.9872529480608545,3.9999999999999996,3.7427054634496404
24.029,0.2030359053884454,0.3676657620146518,0.9999999999999999,0.9956629923022208,3.9999999999999996,3.7604774828362113
24.064,-0.20285483757156866,0.3554446727284988,0.9999999999999999,1.004078339387955,3.9999999999999996,3.77793618181643
24.109,-0.20732798680178038,0.34351932753988085,0.9999999999999999,1.0104685525739718,3.9999999999999996,3.7949723892287412
24.157,-0.21049630724438892,0.3318360329038421,0.9999999999999999,1.0149947246348412,3.9999999999999996,3.811662810137368
24.205,-0.21250487071889293,0.32032667231988227,0.9999999999999999,1.0178641010269898,3.9999999999999996,3.828104753828739
24.253,-0.21352727272836602,0.30912179027167436,0.9999999999999999,1.019324675326237,3.9999999999999996,3.844111728183322
24.297,-0.2136559489328789,0.298190518851273,0.9999999999999999,1.0195084984755411,3.9999999999999996,3.8597278302124667
24.344,-0.2130148737926484,0.28758298870521604,0.9999999999999999,1.0185926768466405,3.9999999999999996,3.874881444706834
24.388,-0.21169306063046617,0.27723255056295504,0.9999999999999999,1.0167043723292373,3.9999999999999996,3.889667784910064
24.432,-0.20977762772330497,0.26709326728618443,0.9999999999999999,1.0139680396047213,3.9999999999999996,3.9041524753054504
24.48,-0.20735370525767266,0.25725063675815124,0.9999999999999999,1.0105052932252465,3.9999999999999996,3.9182133760597835
24.48,-0.20448068827339141,0.24765498480591683,0.9999999999999999,1.0064009832477019,3.9999999999999996,3.9319214502772613
24.528,-0.20126527249060464,0.2383081334794994,0.9999999999999999,1.001807532129435,3.9999999999999996,3.945274095029286
24.556,0.2022980869981234,0.22916467844923816,1.0999999999999999,0.9967170185741093,4.5947934199881395,3.958336173643945
24.597,0.2747164051382397,0.6366875847158457,1.0999999999999999,0.9932622783739432,4.5947934199881395,3.970954013251217
24.644,0.2758258197206408,0.6269443305845765,1.0999999999999999,0.9916774003990845,4.5947934199881395,3.9848729477244587
24.688,0.2757934840359305,0.616294217621184,1.0999999999999999,0.9917235942343848,4.5947934199881395,4.0000873948150195
24.732,0.27477479804160876,0.604818628987749,1.0999999999999999,0.9931788599405588,4.5947934199881395,4.016481092862784
24.776,0.27289625358328323,0.5926562349064783,1.0999999999999999,0.9958624948810239,4.5947934199881395,4.033855941550313
24.819,0.2702413736722372,0.5799113568238972,1.0999999999999999,0.9996551804682324,4.5947934199881395,4.052062910239715
24.864,0.26693006457406276,0.5666709160845792,1.0999999999999999,1.004385622037053,4.5947934199881395,4.070977825581598
24.908,0.2630700442857796,0.5529995340991287,1.0999999999999999,1.0098999367346004,4.5947934199881395,4.0905083712750985
24.951999999999998,0.25874501302574654,0.5389671181970777,1.0999999999999999,1.016078552820362,4.5947934199881395,4.1105546797066
24.999,0.2539783485291733,0.5247704246326131,1.0999999999999999,1.0228880735297523,4.5947934199881395,4.130835670512978
25.047,0.24886941252183198,0.5104310512620356,1.0999999999999999,1.03018655354024,4.5947934199881395,4.151320489613803
25.095,0.24347409805446293,0.4960653262587167,1.0999999999999999,1.0378941456364814,4.5947934199881395,4.1718429539042585
25.095,0.2378649781198351,0.48164311995281817,1.0999999999999999,1.0459071741145212,4.5947934199881395,4.192446105769828
25.143,0.23206315732010577,0.46727072000589526,1.0999999999999999,1.054195489542706,4.5947934199881395,4.212978105694003
25.171,0.2261218645422651,0.4530410562943805,1.0999999999999999,1.062683050653907,4.5947934199881395,4.233306196710453
25.212,0.2200884748891685,0.43889576269275177,1.0999999999999999,1.0713021787297592,4.5947934199881395,4.253513758998494
25.255,0.21402189485426423,0.42498039773031826,1.0999999999999999,1.0799687216367653,4.5947934199881395,4.273392851801971
25.299,0.20793751813488628,0.41115647724342397,1.0999999999999999,1.0886606883787338,4.5947934199881395,4.293141309640391
25.347,0.2018284019511879,0.3976398851578866,1.0999999999999999,1.0973879972125886,4.5947934199881395,4.312450726905444
25.395,-0.20423197779283309,0.38442830257691024,1.0999999999999999,1.10604568256119,4.5947934199881395,4.331324416306839
25.439,-0.20950006444701536,0.37147041136767406,1.0999999999999999,1.1135715206385932,4.5947934199881395,4.349835689462891
25.482,-0.21336943771953087,0.3587941282570646,1.0999999999999999,1.1190991967421868,4.5947934199881395,4.36794466533519
25.53,-0.21600264238693653,0.34636932409321936,1.0999999999999999,1.1228609176956235,4.5947934199881395,4.385694385569255
25.574,-0.21755341942582754,0.3342643915325795,1.0999999999999999,1.1250763134654678,4.5947934199881395,4.402987146370169
25.618,-0.21813187745265228,0.3224250573769088,1.0999999999999999,1.1259026820752174,4.5947934199881395,4.41990048087827
25.662,-0.21784653746603075,0.31078520912001756,1.0999999999999999,1.125495053522901,4.5947934199881395,4.4365288355309715
25.706,-0.21683908554341166,0.29947688201441497,1.0999999999999999,1.124055836490588,4.5947934199881395,4.452683588538975
25.706,-0.21517444607577077,0.2884738794887743,1.0999999999999999,1.1216777801082438,4.5947934199881395,4.468402163575605
25.75,-0.21295804950607222,0.27786015359979804,1.0999999999999999,1.1185114992943888,4.5947934199881395,4.483564629131285
25.786,-0.21025907917254316,0.26756714384507346,1.0999999999999999,1.1146558273893472,4.5947934199881395,4.498268928780892
25.834,-0.20714798933655262,0.2575463526981877,1.0999999999999999,1.1102114133379322,4.5947934199881395,4.512584344705014
25.882,-0.20369211924938796,0.24787157582411912,1.0999999999999999,1.105274456070554,4.5947934199881395,4.526405454525112
25.925,0.20006636803939548,0.2384798070385819,1.0999999999999999,1.0999051885151492,4.5947934199881395,4.53982226707588
25.969,0.20321232762726205,0.2293460209793602,1.2,1.0954109605324827,5.278031643091577,4.552870532874768
26.017,0.2752622189948018,0.698691443972513,1.2,1.0924825442931403,5.278031643091577,4.565615294559415
26.065,0.2762252986014783,0.6895789837002826,1.2,1.0911067162836023,5.278031643091577,4.578633094948316
26.109,0.2760531603059177,0.6795603263730708,1.2,1.0913526281344033,5.278031643091577,4.592945462558618
26.157,0.27489778783765245,0.6686692804701775,1.2,1.093003160231925,5.278031643091577,4.608504099562752
26.157,0.2728957678674893,0.6569829387167146,1.2,1.0958631887607295,5.278031643091577,4.62519887349627
26.205,0.2701640444747925,0.6446361815526719,1.2,1.0997656507502964,5.278031643091577,4.642837098016331
26.237,0.2667727012284576,0.6317135270339242,1.2,1.1046104268164891,5.278031643091577,4.6612980330431135
26.285,0.26283316222752723,0.6182658170884148,1.2,1.110238339674961,5.278031643091577,4.680509047250984
26.333,0.25844111741634895,0.6043180459001347,1.2,1.1165126894052158,5.278031643091577,4.700434434662813
26.377,0.2536689020936764,0.5899040720378845,1.2,1.1233301398661766,5.278031643091577,4.721025825894599
26.425,0.24853107138470737,0.5752088644943409,1.2,1.1306698980218466,5.278031643091577,4.742018979528233
26.469,0.24311904361877287,0.5602638515466601,1.2,1.1384013662588959,5.278031643091577,4.763368998024919
26.516,0.2374830737729565,0.5452048284341936,1.2,1.1464527517529193,5.278031643091577,4.784881888185586
26.564,0.23168551218594588,0.5300054199754451,1.2,1.1547349825915059,5.278031643091577,4.806595328840941
26.612,0.22572444142289097,0.5147415797563931,1.2,1.1632507979672986,5.278031643091577,4.828400814868158
26.612,0.21964979442085414,0.49952369910986827,1.2,1.1719288651130655,5.278031643091577,4.850140644363194
26.656,0.2135144195579689,0.4843305084409453,1.2,1.1806936863457587,5.278031643091577,4.871845202461655
26.688,0.20737558397329586,0.46932382993959776,1.2,1.1894634514667202,5.278031643091577,4.893283314606437
26.736,0.20125083931354582,0.4543882252656053,1.2,1.1982130866949345,5.278031643091577,4.914619892712141
26.784,-0.2048725952296534,0.4397409138714299,1.2,1.2069608503280762,5.278031643091577,4.9355446232752485
26.832,-0.2099901345348761,0.4253777884007021,1.2,1.2142716207641087,5.278031643091577,4.956063373947717
26.876,-0.21373652850143346,0.4112552903984801,1.2,1.219623612144905,5.278031643091577,4.976238371093748
26.923000000000002,-0.21625926452338393,0.39741189825496914,1.2,1.2232275207476913,5.278031643091577,4.996014645584478
26.971,-0.21770484865526088,0.38381559289617306,1.2,1.225292640936087,5.278031643091577,5.015437938954187
27.015,-0.21821007037953408,0.37054002714236384,1.2,1.2260143862564772,5.278031643091577,5.0344030328882
27.059,-0.21787056622570825,0.35753481146793153,1.2,1.2255293803224403,5.278031643091577,5.052981912423103
27.059,-0.21678187327602033,0.34474089609544323,1.2,1.223974104680029,5.278031643091577,5.071258934383801
27.103,-0.21507747630352414,0.3323349409532586,1.2,1.2215392518621773,5.278031643091577,5.0889817274440645
27.139,-0.21281361333163318,0.32028774749647554,1.2,1.218305161902333,5.278031643091577,5.106192003810897
27.18,-0.2100834144294053,0.308650388503984,1.2,1.2144048777562932,5.278031643091577,5.1228168023716
27.223,-0.20694756625582178,0.2973552216436633,1.2,1.209925094651174,5.278031643091577,5.138952755029201
27.267,-0.20346701845409804,0.2863484199226414,1.2,1.2049528835058543,5.278031643091577,5.154676757487803
27.315,0.20029725317375358,0.2757084612715714,1.2,1.1995753526089235,5.278031643091577,5.169876698417903
27.363,0.20330675938752651,0.26537900234591927,1.2,1.1952760580178192,5.278031643091577,5.184633068311692
27.411,0.20517638102911334,0.2553289745255472,1.2,1.1926051699584095,5.278031643091577,5.198990250912224
27.455,0.20610067980868182,0.24550541521758307,1.2,1.1912847431304545,5.278031643091577,5.213023907066458
27.499,0.20616533463454442,0.23599524965848923,1.2,1.191192379093508,5.278031643091577,5.226609857865164
27.543,0.20546287461657886,0.22690877934730738,1.3,1.1921958934048873,6.062866266041593,5.2395905297382805
27.586,0.27410255304420245,0.7675288978375202,1.3,1.1941392099368537,6.062866266041593,5.252110697702278
27.631,0.2721691749626778,0.7589733177021859,1.3,1.196901178624746,6.062866266041593,5.26433295503847
27.675,0.2694949826314835,0.749365228177536,1.3,1.200721453383595,6.062866266041593,5.278058797216541
27.675,0.26615040369485055,0.738837852578621,1.3,1.2054994232930707,6.062866266041593,5.293097905214991
27.718,0.26225417355934794,0.7274847754086251,1.3,1.2110654663437888,6.062866266041593,5.309316586886414
27.754,0.25790450655988756,0.7153685050378183,1.3,1.2172792763430178,6.062866266041593,5.326625544558995
27.798000000000002,0.2531786060456824,0.7025557832186298,1.3,1.2240305627918824,6.062866266041593,5.344929432872122
27.838,0.2480901814385291,0.6892393904707986,1.3,1.2312997408021014,6.062866266041593,5.363952851083309
27.886,0.2427341887583785,0.6754418635001405,1.3,1.2389511589166022,6.062866266041593,5.383663603898535
27.93,0.23715812065640812,0.6612788533897316,1.3,1.2469169704908456,6.062866266041593,5.403896475484833
27.974,0.23142570626076522,0.6467112440688159,1.3,1.2551061339131926,6.062866266041593,5.424707345943284
28.018,0.22553559469218268,0.6318023668832606,1.3,1.2635205790111677,6.062866266041593,5.446005741922649
28.061,0.2195348673550894,0.6166427578270673,1.3,1.2720930466355866,6.062866266041593,5.4676623262886395
28.109,0.21345907812964338,0.6011566863505461,1.3,1.280772745529081,6.062866266041593,5.489785285540813
28.153,0.20736046980023978,0.5854904597427024,1.3,1.2894850431425147,6.062866266041593,5.512165609266304
28.197,0.20125182517162096,0.5695227140004704,1.3,1.2982116783262558,6.062866266041593,5.534976674612349
28.241,-0.2048751595875559,0.5535215799887091,1.3,1.3069645136965085,6.062866266041593,5.557835437486294
28.289,-0.21079710583952224,0.537538483376412,1.3,1.3154244369136032,6.062866266041593,5.580668432646719
28.289,-0.21526012444599324,0.5215648522086332,1.3,1.3218001777799904,6.062866266041593,5.603487905743545
28.337,-0.21840268857907935,0.5057273142317278,1.3,1.3262895551129705,6.062866266041593,5.626112959996267
28.369,-0.22038241611392093,0.4900216539083642,1.3,1.3291177373056013,6.062866266041593,5.6485496176010725
28.413,-0.22134451718480908,0.47456214935902996,1.3,1.3304921674068702,6.062866266041593,5.6706346241001215
28.457,-0.22139587697964935,0.45931437127344127,1.3,1.3305655385423563,6.062866266041593,5.692417164222391
28.501,-0.22064174686988994,0.4442299063596745,1.3,1.3294882098141285,6.062866266041593,5.713966399813486
28.544,-0.2192201945472402,0.42945661177106287,1.3,1.3274574207817718,6.062866266041593,5.735071106368646
28.589,-0.21719239206808158,0.41497855041888676,1.3,1.3245605600972594,6.062866266041593,5.755754051157469
28.637,-0.21465455751472057,0.4008548797443885,1.3,1.3209350821638866,6.062866266041593,5.775930723549609
28.681,-0.21166998735139927,0.38702559826877225,1.3,1.316671410501999,6.062866266041593,5.795686839943347
28.725,-0.20830307145764332,0.37345067450736225,1.3,1.3118615306537762,6.062866266041593,5.815079588173933
28.772,-0.20461807567153098,0.360221660247834,1.3,1.30659725095933,6.062866266041593,5.833978179973259
28.82,-0.200654030679014,0.3472875040816254,1.3,1.3009343295414486,6.062866266041593,5.852455545924985
28.82,0.20350844572012067,0.33462568164219875,1.3,1.294987934685542,6.062866266041593,5.870543863695595
28.864,0.20647019873821992,0.32225418656637866,1.3,1.2907568589454002,6.062866266041593,5.888217428089623
28.902,0.2083112234316287,0.3102616214001289,1.3,1.288126823669102,6.062866266041593,5.905349664041409
28.948,0.20915210997211264,0.2987639512571487,1.3,1.2869255571826963,6.062866266041593,5.921774907102809
28.992,0.20912842871103712,0.28765613057616174,1.3,1.2869593875556613,6.062866266041593,5.937643222361362
29.035,0.20836163259122029,0.2768943141690069,1.3,1.288054810583971,6.062866266041593,5.9530172458001545
29.083,0.2069480932542325,0.26650644203875146,1.3,1.2900741524939536,6.062866266041593,5.967857063129091
29.127,0.2049438822203279,0.2564795154300927,1.3,1.2929373111138174,6.062866266041593,5.982181243998603
29.175,0.2024443013712585,0.24678066627954048,1.3,1.2965081408982022,6.062866266041593,5.9960367427851065
29.219,-0.20046585368311676,0.23735713050487908,1.3,1.3006655052615954,6.062866266041593,6.0094989367489084
29.263,-0.20335399758209294,0.22817512526648473,1.4000000000000001,1.3047914251172756,6.964404506368995,6.022616087089472
29.311,0.26480857732706214,0.8504118793587716,1.4000000000000001,1.3074163181041971,6.964404506368995,6.035244678713607
29.355,0.26393007172749344,0.8418573614271452,1.4000000000000001,1.308671326103581,6.964404506368995,6.04746541861593
29.355,0.2621986034945335,0.8322804301608232,1.4000000000000001,1.3111448521506666,6.964404506368995,6.06114674899639
29.399,0.2597482042877415,0.8217239015532004,1.4000000000000001,1.3146454224460837,6.964404506368995,6.076227504150137
29.435,0.25663749456136087,0.8103228527842496,1.4000000000000001,1.3190892934837704,6.964404506368995,6.09251471667721
29.476,0.2529692348217856,0.798230806908389,1.4000000000000001,1.3243296645403064,6.964404506368995,6.109789067928439
29.523,0.24882791457029715,0.7854272922284843,1.4000000000000001,1.330245836328147,6.964404506368995,6.128079803185446
29.571,0.2443101394062868,0.7721069628674343,1.4000000000000001,1.3366998008481619,6.964404506368995,6.147108845129803
29.615,0.23946600974124602,0.7581773678427144,1.4000000000000001,1.3436199860839344,6.964404506368995,6.1670082665936885
29.663,0.2343214272059927,0.7438961995449762,1.4000000000000001,1.3509693897057249,6.964404506368995,6.187409935590457
29.71,0.22898008835859043,0.7293032256726701,1.4000000000000001,1.3585998737734424,6.964404506368995,6.208257041122323
29.758,0.22345238422136413,0.7143905050622086,1.4000000000000001,1.36649659396948,6.964404506368995,6.229560927708697
29.802,0.21778578496743206,0.6992194092454548,1.4000000000000001,1.3745917357608115,6.964404506368995,6.251233921732631
29.85,0.21201180626159533,0.6837835802937469,1.4000000000000001,1.3828402767691497,6.964404506368995,6.273285105949356
29.85,0.20615370599206626,0.6681787719107025,1.4000000000000001,1.3912089914399055,6.964404506368995,6.295577689353705
29.894,0.20027453503621456,0.6523705981274404,1.4000000000000001,1.3996078070911222,6.964404506368995,6.318160794758366
29.927,-0.20559295297889077,0.6363115760972711,1.4000000000000001,1.407989932826987,6.964404506368995,6.341102254801465
29.97,-0.2100557707436942,0.6201391242827263,1.4000000000000001,1.414365386776706,6.964404506368995,6.3642057573936714
30.018,-0.21321576455776992,0.6038402741865098,1.4000000000000001,1.4188796636539571,6.964404506368995,6.387489828959695
30.061,-0.2152412832591485,0.5874781056216266,1.4000000000000001,1.4217732617987837,6.964404506368995,6.410864355480957
30.105,-0.21625958559427147,0.571034471159018,1.4000000000000001,1.423227979420388,6.964404506368995,6.434355261856112
30.153,-0.21639211966919158,0.554520445850365,1.4000000000000001,1.423417313813131,6.964404506368995,6.457946726582759
30.201,-0.2157545905927068,0.5380715420429407,1.4000000000000001,1.4225065579895813,6.964404506368995,6.481445160593365
30.245,-0.2144328788181739,0.5216794228439146,1.4000000000000001,1.4206183983116771,6.964404506368995,6.504862473734831
30.289,-0.2125500078478444,0.5053657088029182,1.4000000000000001,1.4179285826397778,6.964404506368995,6.528167779507683
30.333,-0.21012167899438094,0.48912648687920685,1.4000000000000001,1.4144595414205443,6.964404506368995,6.551366667970128
30.377,-0.20724975603100204,0.473088960620422,1.4000000000000001,1.410356794330003,6.964404506368995,6.574277419768392
30.421,-0.20401012416011965,0.4573990727941339,1.4000000000000001,1.405728748800171,6.964404506368995,6.596691545234518
30.421,-0.2004460996105314,0.4419916119805358,1.4000000000000001,1.400637285157902,6.964404506368995,6.618702203539658
30.465,0.20339293199588887,0.42690321336074644,1.4000000000000001,1.3951529542915875,6.964404506368995,6.640257058710786
30.501,0.20622078214009426,0.41219436360247086,1.4000000000000001,1.391113168371294,6.964404506368995,6.661269701222608
30.548000000000002,0.2079252725632459,0.39788004236058505,1.4000000000000001,1.388678182052506,6.964404506368995,6.681718731568159
30.592,0.20865743713229662,0.3839336911290812,1.4000000000000001,1.3876322326681478,6.964404506368995,6.701642090470307
30.636,0.20855242553155803,0.37031500091579944,1.4000000000000001,1.3877822492406315,6.964404506368995,6.721097362203567
30.68,0.20771871180533952,0.3569996124333746,1.4000000000000001,1.388973268849515,6.964404506368995,6.740119345749888
30.724,0.2062021872786597,0.3440997200481345,1.4000000000000001,1.3911397324590578,6.964404506368995,6.758547763443088
30.772,0.20412414182571909,0.33156592745672253,1.4000000000000001,1.3941083688204015,6.964404506368995,6.77645318143082
30.82,0.20155930473724024,0.31944534282099507,1.4000000000000001,1.3977724218039427,6.964404506368995,6.793768302339002
30.864,-0.20140613869645885,0.30763791004576796,1.4000000000000001,1.4020087695663699,6.964404506368995,6.810636063446469
30.908,-0.20456620624213706,0.29615558024313166,1.4000000000000001,1.4065231517744816,6.964404506368995,6.8270393917359495
30.951999999999998,-0.20662531694392325,0.2850357982945836,1.4000000000000001,1.409464738491319,6.964404506368995,6.84292479451959
30.996,-0.20770831853872307,0.2741650396816908,1.4000000000000001,1.4110118836267473,6.964404506368995,6.858454449680865
30.996,-0.20790460321843116,0.2636567133298132,1.4000000000000001,1.4112922903120446,6.964404506368995,6.873466344469262
31.04,-0.20733000306889635,0.2533790041682075,1.4000000000000001,1.4104714329555663,6.964404506368995,6.888148786128698
31.075,-0.206112242025037,0.24352236957356316,1.4000000000000001,1.4087317743214816,6.964404506368995,6.902229692692476
31.116,-0.2042844745932083,0.2340705127678133,1.5000000000000002,1.4061206779902977,8.000000000000002,6.915732345272119
31.16,0.26804111740324726,0.9498766084806456,1.5000000000000002,1.402798403709647,8.000000000000002,6.928747702170508
31.203,0.2692617391664582,0.9399005159555928,1.5000000000000002,1.4010546583336314,8.000000000000002,6.9429992629205834
31.247,0.269351900071826,0.9290086021987018,1.5000000000000002,1.4009258570402487,8.000000000000002,6.958559139716142
31.291,0.26844248789253095,0.9173781214475136,1.5000000000000002,1.4022250172963846,8.000000000000002,6.9751741122178395
31.335,0.26667758514368556,0.9050461711658668,1.5000000000000002,1.4047463069375923,8.000000000000002,6.992791184048763
31.379,0.2641770749868594,0.8920279411025199,1.5000000000000002,1.4083184643044868,8.000000000000002,7.01138865556783
31.423,0.26100397825211413,0.8785270029197019,1.5000000000000002,1.4128514596398372,8.000000000000002,7.030675710114713
31.467,0.25727780928678373,0.8645774654509215,1.5000000000000002,1.4181745581617378,8.000000000000002,7.0506036207844
31.511,0.25306389039104565,0.8502829213046861,1.5000000000000002,1.4241944422985064,8.000000000000002,7.0710243981361645
31.555,0.248442940301219,0.8356283904412865,1.5000000000000002,1.4307957995696874,8.000000000000002,7.091959442226735
31.599,0.2434799684572495,0.8206091233646139,1.5000000000000002,1.4378857593467866,8.000000000000002,7.113415538050553
31.642,0.23822634446634272,0.805348378323246,1.5000000000000002,1.4453909364766535,8.000000000000002,7.1352166023953645
31.686,0.23274544623567361,0.7898274042508551,1.5000000000000002,1.453220791091895,8.000000000000002,7.15738942249878
31.73,0.2270483308811765,0.7740528377614297,1.5000000000000002,1.4613595273126052,8.000000000000002,7.179924517483673
31.774,0.22123873432009866,0.7580080021164151,1.5000000000000002,1.4696589509712878,8.000000000000002,7.202845711262266
31.774,0.21532319932732355,0.7418090014477541,1.5000000000000002,1.4781097152466809,8.000000000000002,7.2259871407889245
31.818,0.20934115623582694,0.7255922393806946,1.5000000000000002,1.486655491091676,8.000000000000002,7.249153943741867
31.854,0.20333460015627658,0.7092803781699969,1.5000000000000002,1.4952362854910337,8.000000000000002,7.272456602614292
31.895,-0.20265651701582246,0.6928529018715723,1.5000000000000002,1.503795024308318,8.000000000000002,7.295924425897756
31.938,-0.20720641089135294,0.6763472669806919,1.5000000000000002,1.510294872701933,8.000000000000002,7.319503904313299
31.985,-0.21047637420655335,0.6597746832483824,1.5000000000000002,1.514966248866505,8.000000000000002,7.343179023930884
32.029,-0.21260140233554833,0.6431218234548495,1.5000000000000002,1.5180020033364978,8.000000000000002,7.366968823635931
32.074,-0.21370158795601013,0.6263576863927408,1.5000000000000002,1.5195736970800147,8.000000000000002,7.390917590867515
32.122,-0.2138974809931849,0.6094670630118002,1.5000000000000002,1.5198535442759786,8.000000000000002,7.415047052840287
32.169,-0.2133484641588564,0.5925714796860626,1.5000000000000002,1.5190692345126522,8.000000000000002,7.439183600448484
32.217,-0.21211716678745712,0.5756388585301446,1.5000000000000002,1.517310238267796,8.000000000000002,7.463373059242652
32.265,-0.21029220903456597,0.5587554768976661,1.5000000000000002,1.5147031557636659,8.000000000000002,7.487492175860479
32.265,-0.2079333369257876,0.5418831149267105,1.5000000000000002,1.511333338465411,8.000000000000002,7.511595550104701
32.309,-0.20516007145582174,0.525148971571604,1.5000000000000002,1.5073715306511741,8.000000000000002,7.535501469183425
32.346,-0.20202482997015622,0.5086423457317227,1.5000000000000002,1.5028926142430805,8.000000000000002,7.559082363240398
32.389,0.20141713906283631,0.492292538929937,1.5000000000000002,1.4979755156245198,8.000000000000002,7.582439230100092
32.433,0.2038022432516055,0.4762535867946753,1.5000000000000002,1.494568223926278,8.000000000000002,7.605352018864751
32.481,0.20514620874341538,0.46038390079563707,1.5000000000000002,1.4926482732236925,8.000000000000002,7.628022998863377
32.525,0.2055458630007343,0.444891322851762,1.5000000000000002,1.4920773385703798,8.000000000000002,7.650155253068913
32.573,0.20516940785032786,0.42977620398142097,1.5000000000000002,1.492615131642389,8.000000000000002,7.671748280026543
32.62,0.20408505257808748,0.41498968070217335,1.5000000000000002,1.4941642106027324,8.000000000000002,7.692871884711183
32.664,0.2023927739238562,0.40055763366244745,1.5000000000000002,1.4965817515373485,8.000000000000002,7.713489094767934
32.712,0.20016970224457303,0.3864455626530056,1.5000000000000002,1.4997575682220388,8.000000000000002,7.733649196209994
32.76,-0.2025218273814896,0.37271704271017514,1.5000000000000002,1.5036026105449853,8.000000000000002,7.753261367556894
32.76,-0.2055978822516826,0.3593178585422851,1.5000000000000002,1.507996974645261,8.000000000000002,7.772403059225309
32.804,-0.20771001587854165,0.34620992445756227,1.5000000000000002,1.5110143083979168,8.000000000000002,7.7911286793463415
32.838,-0.20884023951310396,0.3335228377666941,1.5000000000000002,1.5126289135901487,8.000000000000002,7.8092530889047245
32.88,-0.20907948219585043,0.3212305832029978,1.5000000000000002,1.512970688851215,8.000000000000002,7.826813452567148
32.928,-0.2085526608697243,0.30937442382368785,1.5000000000000002,1.5122180869567492,8.000000000000002,7.843750823109019
32.972,-0.20734972137679747,0.297877281515839,1.5000000000000002,1.5104996019668537,8.000000000000002,7.860175312120232
33.015,-0.2055582504580148,0.28668308572218626,1.5000000000000002,1.5079403577971642,8.000000000000002,7.8761670203968785
33.06,-0.20326356423651973,0.27586924753450753,1.5000000000000002,1.5046622346235998,8.000000000000002,7.891615360664991
33.104,-0.20052447806679663,0.26537574224553806,1.5000000000000002,1.5007492543811383,8.000000000000002,7.906606082506376
33.152,0.2025603573943091,0.2551720843493001,1.5000000000000002,1.4963423465795587,8.000000000000002,7.921182736643859
33.2,0.20552132811846774,0.2452075288142268,1.5000000000000002,1.4921123884021892,8.000000000000002,7.935417815979678
33.243,0.20737608102766625,0.23557020204657012,1.5000000000000002,1.4894627413890484,8.000000000000002,7.949185425647759
33.287,0.20824099462356085,0.22636927785326888,1.6000000000000003,1.4882271505377704,9.189586839976284,7.9623296030667605
33.331,0.2782468613583719,1.0502140509690396,1.6000000000000003,1.4882187694880404,9.189586839976284,7.974995338591942
33.331,0.27751168177535884,1.0416409013005337,1.6000000000000003,1.489269026035202,9.189586839976284,7.987242695261236
33.375,0.27588497525826516,1.0320789476743029,1.6000000000000003,1.491592892488193,9.189586839976284,8.000902629012995
33.412,0.2734427795598826,1.0215920153235003,1.6000000000000003,1.4950817434858823,9.189586839976284,8.015883960942713
33.458,0.27031148660795806,1.0102744412786318,1.6000000000000003,1.4995550191314888,9.189586839976284,8.032051923863953
33.506,0.26660272498347226,0.9981893596872259,1.6000000000000003,1.5048532500236114,9.189586839976284,8.04931632613739
33.55,0.26240257532697836,0.9854040956055804,1.6000000000000003,1.5108534638186026,9.189586839976284,8.06758098911117
33.599,0.25773689747756146,0.9721118992208142,1.6000000000000003,1.5175187178891982,9.189586839976284,8.086569841089407
33.643,0.25270782352667276,0.9583357643408394,1.6000000000000003,1.5247031092476107,9.189586839976284,8.106250033775085
33.686,0.24737479739426826,0.9441917001530166,1.6000000000000003,1.5323217180081885,9.189586839976284,8.12645583975769
33.73,0.24181065402817595,0.9296409214883704,1.6000000000000003,1.5402704942454633,9.189586839976284,8.14724266642147
33.778,0.2360223412275719,0.9147470364126095,1.6000000000000003,1.5485395125320405,9.189586839976284,8.168519645101128
33.826,0.23006280500343967,0.899600840164148,1.6000000000000003,1.5570531357093722,9.189586839976284,8.190157068313216
33.826,0.2239745832305845,0.8841268206767068,1.6000000000000003,1.5657505953848796,9.189586839976284,8.212262810438132
33.874,0.21783703572915103,0.8684713094008165,1.6000000000000003,1.5745185203869274,9.189586839976284,8.234627826546546
33.904,0.21166682413753973,0.852499744196312,1.6000000000000003,1.5833331083749436,9.189586839976284,8.257444348267267
33.945,0.20546563434168658,0.8364328968934126,1.6000000000000003,1.592191950940448,9.189586839976284,8.28039698727141
33.993,-0.20068949838091912,0.8202781936484053,1.6000000000000003,1.6009849976870276,9.189586839976284,8.303475134764277
34.041,-0.2056769116973354,0.803990027457925,1.6000000000000003,1.6081098738533366,9.189586839976284,8.32674394360782
34.09,-0.2093190997394977,0.7876036275868589,1.6000000000000003,1.6133129996278541,9.189586839976284,8.350153086280772
34.134,-0.211775943808373,0.7710924336786167,1.6000000000000003,1.6168227768691046,9.189586839976284,8.373740506149689
34.181,-0.21319526595595434,0.7545344414246618,1.6000000000000003,1.618850379937078,9.189586839976284,8.397394780798196
34.225,-0.2136838937619529,0.737880018530989,1.6000000000000003,1.619548419659933,9.189586839976284,8.421186813503443
34.269,-0.21334644934856845,0.721068179807627,1.6000000000000003,1.619066356212241,9.189586839976284,8.445203725965388
34.313,-0.21232073951637276,0.7042363036453269,1.6000000000000003,1.6176010564519614,9.189586839976284,8.469249263340103
34.357,-0.2106681244322333,0.6873601906783472,1.6000000000000003,1.6152401777603336,9.189586839976284,8.493357996150074
34.357,-0.2084856355691327,0.6704927491136814,1.6000000000000003,1.6121223365273327,9.189586839976284,8.517454341242454
34.405,-0.20584566830267031,0.6535745978532844,1.6000000000000003,1.6083509547181007,9.189586839976284,8.541623128757307
34.437,-0.202813826838098,0.6365621753524362,1.6000000000000003,1.6040197526258546,9.189586839976284,8.565926589472804
34.485,0.20054137702423436,0.6195449027484139,1.6000000000000003,1.599226604251094,9.189586839976284,8.590236978907122
34.533,0.20300738077356004,0.6024850298913009,1.6000000000000003,1.5957037417520574,9.189586839976284,8.614608225845855
34.581,0.2043868530437577,0.585364407861681,1.6000000000000003,1.5937330670803465,9.189586839976284,8.63906625731674
34.625,0.20486937433876573,0.5681675095724594,1.6000000000000003,1.5930437509446207,9.189586839976284,8.66363325487277
34.669,0.20453690698114338,0.55103867567087,1.6000000000000003,1.5935187043126526,9.189586839976284,8.688103017589327
34.712,0.2034787728270454,0.5341438341546221,1.6000000000000003,1.5950303245327926,9.189586839976284,8.712238505469681
34.756,0.20180058152637292,0.5174308188831169,1.6000000000000003,1.5974277406766104,9.189586839976284,8.736114241571832
34.8,-0.20040235843931284,0.5009020639048423,1.6000000000000003,1.6005747977704472,9.189586839976284,8.759726748683653
34.844,-0.2028710907837787,0.4846232776059409,1.6000000000000003,1.6041015582625413,9.189586839976284,8.782982157682083
34.892,-0.20434098393910122,0.46860842931664504,1.6000000000000003,1.6062014056272877,9.189586839976284,8.805860512381077
34.892,-0.20491305846004143,0.4528583624469613,1.6000000000000003,1.6070186549429166,9.189586839976284,8.828360607909197
34.936,-0.20467649796634713,0.43740004541572514,1.6000000000000003,1.6066807113804962,9.189586839976284,8.85044391795382
34.97,-0.2037285618857907,0.4222263872244499,1.6000000000000003,1.6053265169797013,9.189586839976284,8.872120572512785
35.012,-0.20220889507566464,0.40747117522360876,1.6000000000000003,1.603155564393807,9.189586839976284,8.8931994467997
35.06,-0.20016281156069862,0.39309316141968687,1.6000000000000003,1.6002325879438555,9.189586839976284,8.913739466519589
35.104,0.20233688581314538,0.3791438923322952,1.6000000000000003,1.596661591695507,9.189586839976284,8.933666993787291
35.152,0.20420705108750856,0.3655401552414139,1.6000000000000003,1.5939899270178453,9.189586839976284,8.953100903917122
35.2,0.20508037045203803,0.352295465741566,1.6000000000000003,1.5927423279256603,9.189586839976284,8.972021888916904
35.244,0.20508649385074507,0.3394524814211666,1.6000000000000003,1.5927335802132216,9.189586839976284,8.990369009374618
35.287,0.204334508952842,0.3268972134017433,1.6000000000000003,1.5938078443530832,9.189586839976284,9.008305106545222
35.335,0.20294592244927992,0.3147424689161568,1.6000000000000003,1.5957915393581719,9.189586839976284,9.025669027238918
35.379,0.20099348753915275,0.3028175702228481,1.6000000000000003,1.598580732086925,9.189586839976284,9.042704596800787
35.427,-0.20147704550936124,0.29131508418141117,1.6000000000000003,1.6021100650133735,9.189586839976284,9.059136719717126
35.427,-0.20434162343808093,0.28022041184913643,1.6000000000000003,1.6062023191972588,9.189586839976284,9.074986251620375
35.471,-0.20635754340726004,0.26949528285774477,1.6000000000000003,1.6090822048675146,9.189586839976284,9.09030786446522
35.503,-0.20738114393838541,0.25915593340939813,1.6000000000000003,1.6105444913405509,9.189586839976284,9.105078363677144
35.547,-0.2075346939814393,0.24916067954198695,1.6000000000000003,1.6107638485449136,9.189586839976284,9.119357297773446
35.591,-0.20693602143817585,0.23956254427756107,1.6000000000000003,1.6099086020545372,9.189586839976284,9.133068919579769
35.634,-0.20566378573136723,0.23028885196725657,1.7000000000000004,1.608091122473382,10.55606328618316,9.146317051451632
35.678,0.2662021987687446,1.1777908461017126,1.7000000000000004,1.6054254303303652,10.55606328618316,9.159219220323571
35.726,0.26732195430682915,1.1681452182687617,1.7000000000000004,1.603825779561673,10.55606328618316,9.172998688656358
35.77,0.2673379345807305,1.1575676253178468,1.7000000000000004,1.6038029505989568,10.55606328618316,9.188109535729094
35.818,0.2663714813367786,1.146221883925017,1.7000000000000004,1.6051835980903166,10.55606328618316,9.204317737718851
35.866,0.2645535817524675,1.1341459302505168,1.7000000000000004,1.6077805974964754,10.55606328618316,9.221569100110994
35.914,0.26199384592544167,1.1213813764109983,1.7000000000000004,1.6114373629636551,10.55606328618316,9.239804177024592
35.914,0.2587836442018879,1.1080920876347862,1.7000000000000004,1.6160233654258749,10.55606328618316,9.258788875276323
35.962,0.2550345614195737,1.0942948696997823,1.7000000000000004,1.621379197972038,10.55606328618316,9.278499186612043
35.995,0.2507901946865412,1.0800274460841481,1.7000000000000004,1.6274425790192273,10.55606328618316,9.298881220348663
36.048,0.2461886378204753,1.0653004508577557,1.7000000000000004,1.6340162316850357,10.55606328618316,9.319919784957795
36.094,0.2412581965221131,1.0502538195204898,1.7000000000000004,1.6410597192541245,10.55606328618316,9.341414972582461
36.141,0.23604192391350687,1.0350449864328017,1.7000000000000004,1.6485115372664192,10.55606328618316,9.363141876993444
36.185,0.23060331200187828,1.0196148498385906,1.7000000000000004,1.65628098285446,10.55606328618316,9.385184929270888
36.233,0.22500003528776213,1.0039588859033945,1.7000000000000004,1.664285663874626,10.55606328618316,9.407550592035454
36.277,0.21926991796105258,0.988140631185592,1.7000000000000004,1.6724715457699253,10.55606328618316,9.430148098775172
36.321,0.21341807028603252,0.9721821548208434,1.7000000000000004,1.6808313281628111,10.55606328618316,9.452945922153384
36.365,0.20749356970440747,0.9560794961426033,1.7000000000000004,1.6892949004222755,10.55606328618316,9.475949720265156
36.365,0.20154146343124546,0.9398096966939176,1.7000000000000004,1.6977979093839355,10.55606328618316,9.499192290906135
36.409,-0.20439100857502765,0.9233644510133908,1.7000000000000004,1.706272869392897,10.55606328618316,9.522685499021174
36.446,-0.20906050580031144,0.9068604017496588,1.7000000000000004,1.712943579714731,10.55606328618316,9.546262712255077
36.493,-0.2124103719798358,0.8902624559689257,1.7000000000000004,1.7177291028283372,10.55606328618316,9.56997406337041
36.537,-0.21459700837577153,0.873637527351485,1.7000000000000004,1.7208528691082454,10.55606328618316,9.593723961395325
36.585,-0.21574019238932662,0.8569037877869823,1.7000000000000004,1.7224859891276099,10.55606328618316,9.617629303630329
36.629,-0.21600580499562894,0.8400875011850916,1.7000000000000004,1.7228654357080417,10.55606328618316,9.641652570204458
36.672,-0.2154933123829431,0.82324666241017,1.7000000000000004,1.7221333034042048,10.55606328618316,9.66571091131149
36.717,-0.2142990676728621,0.8062770608314729,1.7000000000000004,1.7204272395326605,10.55606328618316,9.689953199281057
36.76,-0.2124857452037752,0.7893001925275814,1.7000000000000004,1.7178367788625364,10.55606328618316,9.714205868286616
36.808,-0.21014598518552655,0.7721597592905866,1.7000000000000004,1.7144942645507526,10.55606328618316,9.738692201482323
36.856,-0.20738119726097096,0.7550575499827912,1.7000000000000004,1.7105445675156732,10.55606328618316,9.763123929064887
36.856,-0.20420014850716098,0.7379843257831564,1.7000000000000004,1.7060002121530875,10.55606328618316,9.78751424935008
36.904,-0.20070569682816697,0.7208895822888234,1.7000000000000004,1.7010081383259532,10.55606328618316,9.811935311484842
36.938,0.20306090838550805,0.703797308991221,1.7000000000000004,1.695627273734989,10.55606328618316,9.83635284476713
36.984,0.20564064616775007,0.6866814254839327,1.7000000000000004,1.6919419340460717,10.55606328618316,9.8608041069204
37.032,0.20713154153445879,0.6696078920326856,1.7000000000000004,1.6898120835222021,10.55606328618316,9.88519486899361
37.08,0.20768171252376305,0.6525159903684551,1.7000000000000004,1.6890261249660532,10.55606328618316,9.909611871371082
37.127,0.20741422494570502,0.6353351859547464,1.7000000000000004,1.6894082500775647,10.55606328618316,9.93415587767638
37.171,0.20639533175429398,0.6181942458828035,1.7000000000000004,1.6908638117795805,10.55606328618316,9.958642934922013
37.219,0.20474698815314946,0.6010615770154916,1.7000000000000004,1.693218588352644,10.55606328618316,9.98311817616103
37.267,0.20253663748621206,0.583983406887579,1.7000000000000004,1.6963762321625546,10.55606328618316,10.007515562058048
37.267,-0.20015319823410255,0.5668945068298029,1.7000000000000004,1.7002188546201469,10.55606328618316,10.0319282764263
37.311,-0.2018720790861784,0.5498469623989358,1.7000000000000004,1.702674398694541,10.55606328618316,10.056281911327538
37.348,-0.20267547815906228,0.5329721435450931,1.7000000000000004,1.7038221116558037,10.55606328618316,10.080388795404456
37.391,-0.20266321094845746,0.5162655490957582,1.7000000000000004,1.7038045870692253,10.55606328618316,10.104255358903506
